email,full_name,default_password,uid
user001@example.com,BS Player 01-1,fWqXlv45OC,5VBdzN9t3kQDJ4lmOnOl9oo6LHu1
user002@example.com,BS Player 02-1,9zU6ZOgu3h,BKXtpuDKuLckCi77SukOmmcUikr1
user003@example.com,BS Player 03-1,ro83XK5Apz,EoBbhUsP4JNYxOPJPKFMLH5XuL33
user004@example.com,BS Player 04-1,2mD7NYK6hM,76fvAbSpTVYJAs76gveD88tnGn23
user005@example.com,BS Player 05-1,FCSNCfX9PY,794hx49dQRNgPNrOiTiY1x2Q2m72
user006@example.com,BS Player 06-1,8dgjrHyQ2J,mg5yx9Y3UhcRw7Tpx2AcLNDGZgt2
user007@example.com,BS Player 07-1,5cEApQSLL9,daQXXFdiA9RkOL16dnT72h8djbz2
user008@example.com,BS Player 08-1,NWFIaJpAaM,EFRhirCB6QQNDalw2EwItTQqYvh1
user009@example.com,BS Player 09-1,INyeDm3Kxc,ObJHHcJVjBOCu0GQe6ki0Nkxg352
user010@example.com,BS Player 10-1,ODyxDpExbX,6YDPG6crAxgszojQG9FUe44NXaY2
user011@example.com,BD Player 01-1,y9CBJW1AjY,9KQlRSJ8YmTZUMHzLpzSPHUFL9M2
user012@example.com,BD Player 01-2,9FFhKdgdNL,Xc1vWLuI5ZXhqdFJvgLuRMbQJY13
user013@example.com,BD Player 02-1,NeXgTQt8IV,ltKTdKUs9aY6kSLzHzTi6P7MtO92
user014@example.com,BD Player 02-2,Goa2HI91tS,0lrBGCL4LtehzXKX5mrEPj143ZT2
user015@example.com,BD Player 03-1,lhqOuBBqHb,ijJIiBvgqIfO1z115XDuH1vMWC02
user016@example.com,BD Player 03-2,6lSJ59kG0c,G6WCW3sW0UUysbpbrZi7OUVlNNC2
user017@example.com,BD Player 04-1,4CIXwoOh6e,CSmB0x6JhBb3hWqBMGWXq8Kd0Jk2
user018@example.com,BD Player 04-2,mRGSUWQesF,0Pvd7kYIhrcho6RjZQ3Zna9TKoX2
user019@example.com,BD Player 05-1,5VUHXUEbFJ,RYN0LYN7iugFNE5XQWypA7Q7jwa2
user020@example.com,BD Player 05-2,kfRKKIX8qO,lqC3kzCMRmYshFvipWWh48KJGRv1
user021@example.com,BD Player 06-1,IyGEhh3pZF,3Uv1dQbkeqZnNxfXgFjiNcIHeFs2
user022@example.com,BD Player 06-2,YeyYDlwGGO,iEQnanPNqnU2O4Jiyrl56Nwmo5I2
user023@example.com,BD Player 07-1,HrM0ltoZ5p,NJ2pA6DVI0grkH1f15BpiqM0W2F3
user024@example.com,BD Player 07-2,OQeTRQRwoK,qSaySP4ZJIR0IdXGBaOiiJ9j7PY2
user025@example.com,BD Player 08-1,gwb4nPqIAf,kQv0Pztg3EYL5lvGIWUJjyHSdUE3
user026@example.com,BD Player 08-2,Ciftmmk0KV,nbzqkpAWNZXmIJOmidSIFZvJyzA2
user027@example.com,BD Player 09-1,ztHwsgQqI1,ltwXSbsMX9Nzbc4MNhkRItCUFER2
user028@example.com,BD Player 09-2,FHLu9tMYmQ,BmGTZy4NJYdmBHaWtdLOsKCTU363
user029@example.com,BD Player 10-1,6VV1cJ0Ug9,X05MuxqtrNTQeX2SISUSfZEiCME2
user030@example.com,BD Player 10-2,DhP4KuBkix,vzWcbkWMEOTZ79dx3sFHUTfPdhl1
user031@example.com,BD Player 11-1,Vit7baij9C,hKIGwQr4OXcFnzLkG4w23LSanO33
user032@example.com,BD Player 11-2,wgCPp6Cqkr,Y2eKqebqc4dukjHg0SdZVdfSWx42
user033@example.com,BD Player 12-1,u7UhlXpwkD,7wiRNYad8sh8pH4bYgVKiUZrF493
user034@example.com,BD Player 12-2,ywYNpyuXPS,65opJTSfqqf8y4tugtOpg1c5fKw2
user035@example.com,BB Player 01-1,Cs5XEYW3zd,RyHUSg5wzNRgtvJW8YAnRp8tc5W2
user036@example.com,BB Player 01-2,Hg4UZsrhKu,P8oJi5M5tKQ2tGwN0EQC5EbDPcr2
user037@example.com,BB Player 01-3,mUXv7nPDKD,eU2i8qWIBFg1Zg8vdJTjg0kmLmM2
user038@example.com,BB Player 02-1,SJKDmvmILy,CNZk4vzr7UO1QWaSUxdSCegKHaC3
user039@example.com,BB Player 02-2,Tkza0vwXfJ,HpRqOlD8nrXEwix40CweT84PU4O2
user040@example.com,BB Player 02-3,9MeriKExGD,cF39cc4V2PRXp8nWgAguDtcgWl23
user041@example.com,BB Player 03-1,ij1btP1tXH,zkmZv183uKbUgquQgQyQpb0pDcx2
user042@example.com,BB Player 03-2,6mLvADn4dc,TiuZpzXU9pM4iaN7zbbUzEKf9iR2
user043@example.com,BB Player 03-3,GVU4s37Vlo,QglU0vbOv9Vfs5YgK8HwalfZdl52
user044@example.com,BB Player 04-1,EgGU3Z55cZ,9bBNnPoAjfXBSgQv9Be8hVQViY92
user045@example.com,BB Player 04-2,QMeIVh2cQh,oE8xOCil54OagK36s9FJocGhgwG2
user046@example.com,BB Player 04-3,5zOsxyLCMb,taUftKK7hwbOvTEB1vGCPAYhN9I3
user047@example.com,BB Player 05-1,PuhNPlMcIz,4QDH9ZBnSPM0KRBKZeMktemnE903
user048@example.com,BB Player 05-2,bBhM4vqMJE,lN5eMZlC5qN0C5gquzbnjvyaIgh1
user049@example.com,BB Player 05-3,06Q6bV2Xtf,sbhnpeWevTOE4Ocwoh8ng69XpVB2
user050@example.com,BB Player 06-1,5rK6OP5DFV,aSuygV70ljPpoSL8AgySkSsXeCe2
user051@example.com,BB Player 06-2,XVhN7LKPHg,rIoV2QRWMvSSuN0U0KqnB7ID1hm2
user052@example.com,BB Player 06-3,ezTQLKBxAv,J0ivdi5h97OtxwqPKjYH2LYbV6P2
user053@example.com,BB Player 07-1,qdNjNcnkgP,zRriFPVQETN6t7g37RVzghGBsdp2
user054@example.com,BB Player 07-2,Gcb1zi1LP8,1NdFRx10IyciaNdHTRstnxc9ZSE2
user055@example.com,BB Player 07-3,MfEr917Bjc,L9ZeXyQxGVXVQYi7vGV0YWezQmB2
user056@example.com,BB Player 08-1,ZfHV6bAsa5,vtv5YLOzXQflrQIcPemx5EAOMVg2
user057@example.com,BB Player 08-2,6laDqgPiEt,aQxvz0yVRHU9ik1NW8n6CufM6lx2
user058@example.com,BB Player 08-3,gai9nPWN65,DiCDpelCfgcM5ezuCN5BjFYEUhB2
user059@example.com,BB Player 09-1,mUab5ophQd,D5Pss9UjP4WMU1jYmfAOfYp4QDh2
user060@example.com,BB Player 09-2,z5AjkZDWRT,Q65JSeTJL9Zu6sKWRq1M1pMCJGk2
user061@example.com,BB Player 09-3,Rwnew0y2hf,bqVLZyJRk6UX7SdQNfPkBjO3eUl1
user062@example.com,BB Player 10-1,aYKi0m33wO,z0gjwgTGCvTF9Nt1sQUlq4qBK6Z2
user063@example.com,BB Player 10-2,6GySuIhm2s,stGguOHw1CRCW5obtalVNmj3MQK2
user064@example.com,BB Player 10-3,bv8MYUsgyT,C9ys1DoXyXUcXnUgpQOmIopdBQi2
user065@example.com,BB Player 11-1,t1C018tTxS,bPBTDYMLB7R460XNmUkFvneNBJI3
user066@example.com,BB Player 11-2,8LhFH0PL1x,1wMxVd3IX5c0XdQqixPrB3Kc5nI2
user067@example.com,BB Player 11-3,BHA1ufnJ4N,Qg2dqF2WKdPdYvZO2SptXIpmI1B3
user068@example.com,BB Player 12-1,EUNau69nYi,yWd6iK0kMMTYhRafsTnFHzHoxwc2
user069@example.com,BB Player 12-2,5Dsrjelpp7,eoI3bA3gN1MQ0hjFRFXUZz71l2o1
user070@example.com,BB Player 12-3,tUwU5rNDmi,1J7rGtssiJaVzDYpClmSh9SCrH63
user071@example.com,BB Player 13-1,9MmYs1yuty,Gn9cAdbcuvMlUKb3lZmOereZow73
user072@example.com,BB Player 13-2,rA6DLxeDi7,GE1rA7qEVaa79MA9joPgj8cYFYe2
user073@example.com,BB Player 13-3,lrptWW37Ea,HUCexjtSXrcqZegekUHYlS6T4wz1
user074@example.com,BB Player 14-1,Nc2eSWPBdn,ztFonZua52TYJjbkisRgECQfztm2
user075@example.com,BB Player 14-2,D85IMpsVGc,yIentnS5ihh870sJfGHM5gsel1D2
user076@example.com,BB Player 14-3,3EEgI4xugN,eKDCn9djE5PqI11xSbs0YdNAJnX2
user077@example.com,BB Player 15-1,RdFqdeVzlG,CbQdRo5ufHVFbEeYhlVjcHU4OYq2
user078@example.com,BB Player 15-2,6gOakmY3cq,1kJsfE7P2id0BQbnDRvWIAcQuMp1
user079@example.com,BB Player 15-3,ndTjUgXHAn,iltcGom5tsetY5VSWT23dKPcrpq1
user080@example.com,BB Player 16-1,c5aXMK3QYA,CkfdOwevPNeAp3CVsnlfSsQsuoy1
user081@example.com,BB Player 16-2,igTmU4De1f,QaejfCwWs4gyzCrzuWfnNvhJIPL2
user082@example.com,BB Player 16-3,rMgj3LjbYI,MH1pGTBp9lSYFhACSAMt5UPCyDC3
user083@example.com,FR Player 01-1,ezBpfW1Lmj,mEyPtpTM9vWgRr68zdJne2u744r2
user084@example.com,FR Player 01-2,gbXcqg85Va,xibt8BlFxCZJP42Vn0uswkQULiu2
user085@example.com,FR Player 01-3,WZEYsPNJmI,ViijCQnbdZMDikG0fkswEUdS0Pd2
user086@example.com,FR Player 01-4,YIQirOAOAe,e8CNizFIKGe28bBesDSbr1RHY272
user087@example.com,FR Player 01-5,xWHSB0ynJT,ZSGS1kwVqBaJmrklOsvHu7yXTnL2
user088@example.com,FR Player 01-6,xOYCQbaEc6,Ixm07y7ZvdhWm6mBueNVBP1q2qh2
user089@example.com,FR Player 01-7,F7SuAS8zDG,coOnhQ7zp2VPAwkEIMjNggGWlZI3
user090@example.com,FR Player 02-1,OUwAnSLa7J,5YObPnEdegbKC7kz3o7OsAsvr9y2
user091@example.com,FR Player 02-2,Vu7p78VxzA,3WPOGwLUhDMoWBAJ1Hrdp689MHO2
user092@example.com,FR Player 02-3,tRToVW4rMz,jkvjfCsjVVVc0CJRqe8buYekI953
user093@example.com,FR Player 02-4,qt0tFtJ6mX,D1en7WvJc1fNAKPWzCtYPRrzhDx2
user094@example.com,FR Player 02-5,TdE8wR7ZBa,lBkeujOhUKPExt9hcnomO2qSqs23
user095@example.com,FR Player 02-6,56QMT6Ps20,Cwgts6xZerYaNOSrYMVM7iGlRu02
user096@example.com,FR Player 02-7,OqDR6Nx2De,pEegtBg9BahkVQAfQOvZM4VwJCy1
user097@example.com,FR Player 03-1,nUGfLzyHxw,v857Olpa7fW8kACVDgkMSr4GwE32
user098@example.com,FR Player 03-2,NTc1YF8yRw,8hdb2ajyuSOwV2i0cPEEwR0jSUl1
user099@example.com,FR Player 03-3,aoV35k4iY6,YrdzlIubmZMhzLYoZJMLJROWXhY2
user100@example.com,FR Player 03-4,Of1k2aJodR,3RJiSyxDVsbcpC8hVYinjPgzAVi2
user101@example.com,FR Player 03-5,8wVkUOWnx4,X8FrAPY1L5eQOSDex5YYSuUaw2r1
user102@example.com,FR Player 03-6,TZNsia7Nza,j9iUiNo5eGYF8cXOZBu2iTgdkIa2
user103@example.com,FR Player 03-7,R7lGGpDDKW,sWAA4TF3pPZi3GQkbpLyk2u3uuJ3
user104@example.com,FR Player 04-1,IYC5tLgrws,Mnu4RR1qNnY7ywNcEgeiBzoreTh1
user105@example.com,FR Player 04-2,Mk4GaMsMSN,PLvdZKY9GJWu906Y4jH9ESXg35s2
user106@example.com,FR Player 04-3,UwMoGOaECb,pTL0leCHyIWyxP4xiZJ7vOv9rGq2
user107@example.com,FR Player 04-4,5It4gRlxG9,xJFirokGdPRcS7cpw1pV7RxhmdI2
user108@example.com,FR Player 04-5,vJcxMhsQC7,K1vGMKAW6wOZNaabFcluGTQ00H02
user109@example.com,FR Player 04-6,OYm5k6uHXV,hTtIJdL9CVRmiUFfExpa7e2dV4f2
user110@example.com,FR Player 04-7,aKv0DQ8O5n,ekSrg64Og1Zy9Em9CF3elvL5l1o2
user111@example.com,FR Player 05-1,4VWgqNBLpC,81c6mCgDh3cZITjqzmobTcl4pL52
user112@example.com,FR Player 05-2,KmOKRUHf93,MdaXLVCOYTbu9I6FmByVFSwhH4c2
user113@example.com,FR Player 05-3,sOE1NHsEKH,xSbTvvZO3sWrOzVUro8GbGwoGyr2
user114@example.com,FR Player 05-4,V9maAzM8hN,UGjCZuEUBnXZ4n5IpbvnFKn1STb2
user115@example.com,FR Player 05-5,vbPVPwoX1R,knhISO4qD2hBR99U3avmw26RQbF2
user116@example.com,FR Player 05-6,Th2DsXa7fP,zj1xnDu5T3gEkyvS4JiU7wEeBmk2
user117@example.com,FR Player 05-7,pUx2x6Nn13,1qV9TdaoHcO5hTBdpZwjCceg4Pm1
user118@example.com,FR Player 06-1,oYwi3HbHaz,chX57XR1UbhKyqfJfVqunks47xn1
user119@example.com,FR Player 06-2,xvkHZGw1xt,qurwmNVKhzajbJFKAokDtDVufyi1
user120@example.com,FR Player 06-3,C1DQ29BPGJ,6MveD8YmRfZXd3EC0Q5xpSKZkEE2
user121@example.com,FR Player 06-4,FmO5VDP4ss,BPm1Ua3tSlWGzuwyYuLFfUpbxRG3
user122@example.com,FR Player 06-5,mfpmQm3NK2,xXyBFtmG6GbDsAvyHp4PyQORur93
user123@example.com,FR Player 06-6,nsLJbbPs3R,JEefz4amqbPtberOgIMAvqWpMES2
user124@example.com,FR Player 06-7,Pc27hTiagn,VF2OGty9FgOFRH8UkEdiyxKC27k1
user125@example.com,FR Player 07-1,Gc8pBt7sHB,EIA4GhiKRneFrueN05UjF7NvAZr1
user126@example.com,FR Player 07-2,E1r3tua6kQ,KVYWvVrz5VZ934GOOdUFUjLl7DK2
user127@example.com,FR Player 07-3,bHNyv3mrRZ,QgPnjIjgcXNrxjBwkOi1wrQs3YF2
user128@example.com,FR Player 07-4,JxFPBFcrxf,tmb5amQaLiUkoKagxFUt9AooPVX2
user129@example.com,FR Player 07-5,daP5noYLUa,4xLCKCML23PzdGNkbLQUNHpO1C02
user130@example.com,FR Player 07-6,I5df74LM8Z,Wb4jmDdrRgXKVOVD4AlZUZFO6yY2
user131@example.com,FR Player 07-7,FwPIj2h8z7,GYQmMxNawMYnqlDi9jpUXpH87HK2
user132@example.com,FR Player 08-1,BY1mfY7D2M,0Ioe1pNecVgKFkaiFVibCnSNQXw2
user133@example.com,FR Player 08-2,4YQlCbJTth,kATL4Z0hTfXK78pWDSiblXnMqI22
user134@example.com,FR Player 08-3,AWWtLdTrDm,Ke1p5Y4cVDVnyhRjOgLLf3jxREm2
user135@example.com,FR Player 08-4,gmFA2kWzjD,FvxG5a0fOdM1fuT300f86mjjKYN2
user136@example.com,FR Player 08-5,iEWqsAN3ol,JTvbzuSqurUOlx7iK1BufNpye8w2
user137@example.com,FR Player 08-6,cvtiEsVUcm,nXoWcmda0bWdokDd5GW9YjzTQ3p2
user138@example.com,FR Player 08-7,1MBTjI1AHg,59Led4ogU3R7JIiIa1fAfVA1S923
user139@example.com,FR Player 09-1,mBtTygHc41,gpisDuesmJXfAxOVHAG7tWzzq5f1
user140@example.com,FR Player 09-2,ZTF2PGU4rk,z2RPc0awJ6VjG6enIuQmtp3WG6e2
user141@example.com,FR Player 09-3,10N23mHiKk,VyKiOGSuvHaglIUtkHxbudWmi4L2
user142@example.com,FR Player 09-4,pz56irkHh0,ax3qltEn7daW5abykWsOmxWawCa2
user143@example.com,FR Player 09-5,0A3p4NoSn4,yV5FEDtW6cRCt8kbQpPStHzIeyw1
user144@example.com,FR Player 09-6,wk3OGsia1o,YLV50AHkJVa7lxObMABSIuPv7cX2
user145@example.com,FR Player 09-7,ZMsFMEN4fK,cnXKK0C4iSYXgzVzfd1n3lFrWyn2
user146@example.com,FR Player 10-1,Z53Z7A4Wqr,JBrJ0Ny67qZIKOWzPa3k0gS6d2F2
user147@example.com,FR Player 10-2,YansMQ0Qhf,GfQCyQeJRqNEzYh9SMsqmMjfoHZ2
user148@example.com,FR Player 10-3,LwfK2IeY7O,YZT1KYhjGES0N4tP9bt6Dwf1aHh1
user149@example.com,FR Player 10-4,AFAlJ5zwnm,i1J8TPeEzLTAjRYh3eFrPsed4kK2
user150@example.com,FR Player 10-5,AenzrCGUBd,a9zjCj2fs8OjCpbnDNrXtRJkLuj1
user151@example.com,FR Player 10-6,YvmKyFpyJM,BWob9i9XjGeJ14ngtYsB2LFZFPF3
user152@example.com,FR Player 10-7,4IUsadnuO6,WIGNvBEvJTPyXS9NtQE43QpG1O63
user153@example.com,FR Player 11-1,rBXs2cfiVS,dstNvf3tO7dZJejFSOymRD0senD3
user154@example.com,FR Player 11-2,6pDEIBqpdl,G4WMdcwCcvUIotBpaIsEsGj1Nbu1
user155@example.com,FR Player 11-3,96L4iJu2my,Nov3Bw5jDZYIfk3ej3pSQ2sYMTh2
user156@example.com,FR Player 11-4,gJy88HNqxc,N9sPQ9vTFxagYJOzfMfghAwZ7ol1
user157@example.com,FR Player 11-5,hgT1qC6iOq,qpsaNa58TRXBaLysbsQ4ceXbU0I3
user158@example.com,FR Player 11-6,2Dh42PkyVP,lDQH8UD8d9OyhoHTWdFARHsGoC03
user159@example.com,FR Player 11-7,ns3Om1YAC0,myYeF7aynXcTzy3LmZ5iWOkMla73
user160@example.com,FR Player 12-1,FFnL41mxAK,0dxsXXAsnReMVpomjSJyRi7xBw53
user161@example.com,FR Player 12-2,fIQBdVmDan,xH8zYFJVK0Zk6YIErh7mQ4XA1yq1
user162@example.com,FR Player 12-3,emLKj0RPEc,4yqXVSdQr2ZO2HAs98VcgG2hDNr1
user163@example.com,FR Player 12-4,fs8dPwL6Wj,qTTIyPtQE3aeS0Idm6Dtc51brUj1
user164@example.com,FR Player 12-5,IlOe6kxwNx,CiMxnUilzjcgNmaR8v3GtP969Z62
user165@example.com,FR Player 12-6,IOWIrIne9G,UOYshAmSNYQSCJbF9loe5QM1r3T2
user166@example.com,FR Player 12-7,lpOVG1NHp3,QH88rSFRMoT6TEw737bzfHdFVuB2